time,open,high,low,close,volume
2026-04-06 13:00:00,4675.44663,4677.47982,4675.14985,4676.37582,1720.4810024701585
2026-04-06 13:01:00,4676.49684,4676.49684,4674.00432,4674.97162,1840.510095957014
2026-04-06 13:02:00,4675.16574,4676.7467,4674.94121,4675.94821,1333.197957548677
2026-04-06 13:03:00,4676.03864,4676.03864,4673.19259,4674.12051,2101.561375073862
2026-04-06 13:04:00,4674.21229,4674.21229,4672.69284,4673.10109,1062.2330348225994
2026-04-06 13:05:00,4672.70818,4673.11557,4670.62486,4670.62486,1671.0679038435735
2026-04-06 13:06:00,4670.34815,4670.6147,4668.83492,4668.83492,1169.6766561512914
2026-04-06 13:07:00,4668.75301,4668.97003,4665.92521,4665.92521,2001.0646687697176
2026-04-06 13:08:00,4666.29037,4666.29037,4662.20477,4664.18118,2634.808544941436
2026-04-06 13:09:00,4664.0639,4665.87477,4664.0639,4665.87477,1078.7721012248944
2026-04-06 13:10:00,4664.95211,4669.91493,4664.95211,4669.91493,2768.4497959709124
2026-04-06 13:11:00,4669.83947,4669.88114,4669.83947,4669.86217,250.0
2026-04-06 13:12:00,4669.75904,4669.95909,4669.71242,4669.71242,250.0
2026-04-06 13:13:00,4669.77472,4670.35884,4669.72554,4670.29894,377.26969451429454
2026-04-06 13:14:00,4670.54625,4670.54625,4666.55575,4668.46219,2226.0527101168664
2026-04-06 13:15:00,4668.48364,4668.82008,4668.43031,4668.73376,250.0
2026-04-06 13:16:00,4668.64312,4668.82907,4668.48145,4668.52181,250.0
2026-04-06 13:17:00,4668.53243,4668.53408,4668.50344,4668.50952,250.0
2026-04-06 13:18:00,4668.44033,4668.59221,4668.07878,4668.20406,331.1116485288315
2026-04-06 13:19:00,4667.93571,4668.31614,4666.62551,4666.62551,1051.916699332594
2026-04-06 13:20:00,4666.48044,4666.6463,4664.98119,4664.98119,992.3951200032952
2026-04-06 13:21:00,4665.01553,4665.04945,4664.67456,4664.74816,250.0
2026-04-06 13:22:00,4664.71438,4664.97246,4664.71438,4664.97246,250.0
2026-04-06 13:23:00,4664.10203,4669.10651,4664.10203,4669.10651,2982.638702640639
2026-04-06 13:24:00,4668.84559,4670.95705,4668.84559,4670.95705,1258.4169214540452
2026-04-06 13:25:00,4670.98077,4672.20366,4670.71462,4671.5702,887.4585039367772
2026-04-06 13:26:00,4671.19876,4671.56357,4668.96336,4668.96336,1498.503058716745
2026-04-06 13:27:00,4669.41056,4673.3722,4668.8381,4671.09852,2613.005379767798
2026-04-06 13:28:00,4671.07007,4671.31385,4670.93279,4671.31385,250.0
2026-04-06 13:29:00,4671.07573,4671.28463,4669.9519,4669.9519,768.0533424005354
2026-04-06 13:30:00,4669.82394,4671.37052,4669.82394,4671.37052,921.7519831692508
2026-04-06 13:31:00,4671.10234,4673.69099,4671.10234,4673.69099,1542.8191695421651
2026-04-06 13:32:00,4674.40347,4674.40347,4665.49884,4669.74473,4000.0
2026-04-06 13:33:00,4669.47202,4669.7354,4668.25426,4668.25426,922.3430654887782
2026-04-06 13:34:00,4668.06774,4668.5727,4668.06774,4668.5727,314.45127020309343
2026-04-06 13:35:00,4667.95817,4672.04098,4667.95817,4672.04098,2542.4682955078274
2026-04-06 13:36:00,4672.64059,4672.64059,4664.45731,4668.42934,4000.0
2026-04-06 13:37:00,4668.16165,4668.399,4667.53482,4667.53482,569.3598012928677
2026-04-06 13:38:00,4667.4922,4669.56328,4667.4922,4669.1991,1364.518615637159
2026-04-06 13:39:00,4669.35497,4672.80157,4669.18803,4672.13445,2380.75912004711
2026-04-06 13:40:00,4672.06427,4672.44537,4672.02392,4672.44537,283.7875145618756
2026-04-06 13:41:00,4672.01326,4675.32445,4672.01326,4675.32445,2181.557638966496
2026-04-06 13:42:00,4674.98246,4677.85823,4674.98246,4677.85823,1790.8141819413252
2026-04-06 13:43:00,4678.28632,4678.28632,4672.08746,4674.98817,3694.481694052864
2026-04-06 13:44:00,4675.50923,4675.50923,4668.047,4671.39756,4000.0
2026-04-06 13:45:00,4671.29518,4671.43227,4666.90988,4666.97914,2404.4330902697307
2026-04-06 13:46:00,4667.2836,4675.36707,4666.9921,4673.22017,4000.0
2026-04-06 13:47:00,4673.1289,4673.23406,4672.26173,4672.26173,464.94713738514827
2026-04-06 13:48:00,4672.51346,4672.51346,4668.17915,4669.64888,1844.3440685432472
2026-04-06 13:49:00,4670.13981,4670.13981,4664.31083,4667.15778,2246.7285685098805
2026-04-06 13:50:00,4667.09336,4667.22673,4665.29268,4665.43017,745.4623944375744
2026-04-06 13:51:00,4666.2301,4674.87874,4664.93206,4669.94163,3632.8401491604127
2026-04-06 13:52:00,4670.22589,4675.4767,4669.6241,4673.67984,1891.914607497112
2026-04-06 13:53:00,4674.01135,4676.86149,4673.33396,4675.23163,1140.311235243253
2026-04-06 13:54:00,4675.85444,4681.87334,4674.96124,4678.38338,2021.4601562865005
2026-04-06 13:55:00,4678.54006,4678.54006,4677.12274,4677.76396,414.498619624824
2026-04-06 13:56:00,4677.82178,4678.05372,4677.73203,4678.02731,250.0
2026-04-06 13:57:00,4678.46177,4683.83495,4677.90503,4680.83804,1734.2192691029695
2026-04-06 13:58:00,4681.05891,4681.05891,4678.11811,4679.12811,860.0439848390108
2026-04-06 13:59:00,4679.28812,4680.53198,4679.09191,4679.88576,421.1519114686707
2026-04-06 14:00:00,4679.80315,4684.21153,4679.80315,4684.21153,1234.655310758767
2026-04-06 14:01:00,4684.30138,4684.95802,4683.84075,4684.69283,312.91389105548217
2026-04-06 14:02:00,4684.30679,4684.66817,4682.58765,4682.58765,608.4530438442652
2026-04-06 14:03:00,4681.81267,4682.74409,4678.63343,4678.63343,1151.2728484668175
2026-04-06 14:04:00,4678.7654,4678.80036,4672.87901,4673.43446,1538.7423908738822
2026-04-06 14:05:00,4673.13417,4673.98925,4671.8283,4671.8283,605.2174253997234
2026-04-06 14:06:00,4671.33088,4671.80803,4668.86774,4668.86774,859.8948341210578
2026-04-06 14:07:00,4668.90499,4669.18803,4668.8604,4668.8604,250.0
2026-04-06 14:08:00,4668.62443,4668.97003,4667.67503,4667.67503,378.72584343267454
2026-04-06 14:09:00,4667.84162,4670.88518,4667.66659,4669.51713,985.8188177856013
2026-04-06 14:10:00,4669.13685,4669.51038,4666.06191,4666.06191,1020.3087137517294
2026-04-06 14:11:00,4665.95279,4666.13784,4664.67712,4664.67712,438.19014678136665
2026-04-06 14:12:00,4665.0305,4669.09619,4664.66371,4667.19503,1270.7798165139372
2026-04-06 14:13:00,4667.17962,4667.43116,4667.00891,4667.43116,250.0
2026-04-06 14:14:00,4667.46269,4670.60486,4667.44457,4670.55409,990.8604645330088
2026-04-06 14:15:00,4670.21322,4672.06343,4670.21322,4672.06343,606.5178517282916
2026-04-06 14:16:00,4672.05951,4672.40191,4672.02392,4672.34433,250.0
2026-04-06 14:17:00,4672.64583,4677.23396,4672.24221,4675.00104,1636.3469478401846
2026-04-06 14:18:00,4675.29355,4678.13635,4674.86326,4676.58314,1072.95253798899
2026-04-06 14:19:00,4676.66901,4678.9176,4676.60554,4678.50652,786.2692119999039
2026-04-06 14:20:00,4679.28695,4687.59754,4678.36257,4683.47491,3027.3180693939444
2026-04-06 14:21:00,4683.65533,4683.65533,4680.27143,4681.36845,1109.2771947306956
2026-04-06 14:22:00,4681.57619,4683.39578,4681.3162,4682.4256,707.2090377803004
2026-04-06 14:23:00,4682.30519,4682.93435,4682.30519,4682.93435,250.0
2026-04-06 14:24:00,4682.91838,4683.60012,4682.91838,4683.60012,304.82382109587763
2026-04-06 14:25:00,4683.73635,4686.42493,4683.40202,4685.38775,1151.069521261646
2026-04-06 14:26:00,4685.3381,4685.87131,4685.15742,4685.77879,271.83641608073026
2026-04-06 14:27:00,4685.54037,4687.03152,4685.54037,4687.03152,666.7322451771549
2026-04-06 14:28:00,4686.88007,4686.99788,4686.45661,4686.45661,255.22755082546252
2026-04-06 14:29:00,4686.28056,4686.72673,4686.28056,4686.72673,250.0
2026-04-06 14:30:00,4686.74303,4687.7093,4686.69447,4687.7093,487.8873104013281
2026-04-06 14:31:00,4687.74334,4689.05162,4687.57324,4688.37596,710.7425302280105
2026-04-06 14:32:00,4688.41553,4688.46759,4687.37336,4687.79524,556.8898083615503
2026-04-06 14:33:00,4688.21563,4688.21563,4683.39065,4685.63756,2455.591774623704
2026-04-06 14:34:00,4685.06062,4688.48865,4685.06062,4688.48865,1744.6377541802049
2026-04-06 14:35:00,4689.44536,4699.48222,4687.9062,4693.78943,4000.0
2026-04-06 14:36:00,4693.82943,4693.86838,4691.86244,4692.57147,1040.3848398012194
2026-04-06 14:37:00,4693.0068,4693.0068,4688.23891,4690.52142,2334.0431572972398
2026-04-06 14:38:00,4691.09613,4691.09613,4683.36322,4687.05832,3521.650226339148
2026-04-06 14:39:00,4687.74391,4687.74391,4678.5733,4682.9964,4000.0
2026-04-06 14:40:00,4682.87169,4684.59111,4682.87169,4684.59111,841.7141514424158
2026-04-06 14:41:00,4683.60227,4689.00937,4683.60227,4689.00937,2462.451384903891
2026-04-06 14:42:00,4688.97778,4689.12422,4688.67217,4689.12422,250.0
2026-04-06 14:43:00,4689.00163,4689.1568,4686.56295,4686.56295,1181.2671348290414
2026-04-06 14:44:00,4686.80121,4688.84125,4686.5074,4687.70689,1062.860343744058
2026-04-06 14:45:00,4687.70202,4687.74406,4682.68386,4682.80265,2178.3461151850524
2026-04-06 14:46:00,4682.78787,4682.96338,4679.52275,4679.52275,1396.4445887533436
2026-04-06 14:47:00,4679.37187,4680.1749,4679.37187,4680.1749,345.6933087382249
2026-04-06 14:48:00,4680.16663,4680.37412,4680.11419,4680.35007,250.0
2026-04-06 14:49:00,4680.39084,4680.42857,4678.40014,4679.11597,987.5487158017324
2026-04-06 14:50:00,4679.12067,4679.23822,4678.44542,4678.44542,393.0229502996055
2026-04-06 14:51:00,4678.31652,4678.45882,4677.57237,4677.57237,475.90031567412615
2026-04-06 14:52:00,4676.75567,4681.88055,4676.75567,4681.88055,2751.347520776409
2026-04-06 14:53:00,4681.25028,4685.07509,4681.25028,4685.07509,1896.1126520372588
2026-04-06 14:54:00,4684.83821,4685.05909,4684.13867,4684.13867,456.2893338981783
2026-04-06 14:55:00,4684.05867,4684.18253,4682.89687,4683.01756,690.2205424444005
2026-04-06 14:56:00,4683.03091,4683.18269,4682.64682,4682.6761,287.6876328728777
2026-04-06 14:57:00,4683.24301,4689.74174,4682.65403,4686.41542,3513.6638434254446
2026-04-06 14:58:00,4686.31323,4686.70753,4686.03561,4686.70753,333.0978566664542
2026-04-06 14:59:00,4686.76156,4686.76156,4684.55592,4684.83697,1041.8533467797683
2026-04-06 15:00:00,4684.41163,4684.83123,4682.02184,4682.02184,1237.7557831383565
2026-04-06 15:01:00,4682.07568,4682.08634,4677.27566,4677.79003,1952.5052255613816
2026-04-06 15:02:00,4677.79061,4677.92487,4677.53751,4677.55214,250.0
2026-04-06 15:03:00,4676.98395,4677.54188,4673.47409,4673.47409,1650.9893053554013
2026-04-06 15:04:00,4673.54621,4673.55237,4670.34093,4670.88545,1303.4235038658674
2026-04-06 15:05:00,4671.13819,4671.13819,4668.08762,4669.47019,1238.1313797509222
2026-04-06 15:06:00,4669.17157,4669.6241,4668.05135,4668.05135,638.330255494535
2026-04-06 15:07:00,4667.8225,4668.7447,4667.8225,4668.7447,406.30114836686585
2026-04-06 15:08:00,4668.57914,4670.285,4668.57914,4670.285,805.7778921934956
2026-04-06 15:09:00,4670.55412,4670.55412,4666.10164,4668.1801,2103.1678739366484
2026-04-06 15:10:00,4668.00163,4668.31614,4666.01581,4666.01581,1021.0143431935626
2026-04-06 15:11:00,4665.91249,4666.09037,4665.91249,4666.00709,250.0
2026-04-06 15:12:00,4666.00497,4666.18543,4665.92012,4666.1645,250.0
2026-04-06 15:13:00,4665.95967,4666.80375,4665.95967,4666.80375,452.0698713810522
2026-04-06 15:14:00,4667.26929,4667.26929,4661.25467,4663.77768,3221.292400964785
2026-04-06 15:15:00,4663.4201,4663.7655,4661.83001,4661.83001,1063.0617765391066
2026-04-06 15:16:00,4661.2333,4661.79514,4659.16658,4659.16658,1443.728287585396
2026-04-06 15:17:00,4659.15182,4660.22737,4659.15182,4660.22737,590.7424444227194
2026-04-06 15:18:00,4660.80662,4667.021,4660.21178,4664.0705,3435.59910391647
2026-04-06 15:19:00,4664.05714,4664.16151,4663.67087,4663.82198,269.4824721599842
2026-04-06 15:20:00,4663.11592,4667.65547,4663.11592,4667.65547,2192.4209092680203
2026-04-06 15:21:00,4667.46978,4667.62073,4667.19229,4667.19229,250.0
2026-04-06 15:22:00,4667.23986,4669.56376,4667.19534,4668.70204,1143.852040384765
2026-04-06 15:23:00,4668.73203,4668.73501,4667.92695,4667.92695,443.8244057836362
2026-04-06 15:24:00,4668.29373,4668.29373,4664.04059,4666.10765,2054.096345683329
2026-04-06 15:25:00,4666.18327,4666.18327,4663.3383,4664.0404,1262.7558550101317
2026-04-06 15:26:00,4663.79345,4664.02176,4663.06173,4663.06173,426.1146878471202
2026-04-06 15:27:00,4663.05427,4664.09524,4663.05427,4663.82764,502.7468348010293
2026-04-06 15:28:00,4664.09012,4668.16707,4663.74405,4666.84204,1963.1821783101177
2026-04-06 15:29:00,4666.66665,4667.62958,4666.66665,4667.62958,454.660490766609
2026-04-06 15:30:00,4667.70238,4668.79076,4667.62673,4668.46034,639.339805291807
2026-04-06 15:31:00,4668.55197,4670.64653,4668.31614,4669.56238,1279.9593557332184
2026-04-06 15:32:00,4669.61006,4669.65596,4669.05041,4669.27515,332.5964271493214
2026-04-06 15:33:00,4669.21811,4669.40605,4668.67559,4668.67559,445.5912719107791
2026-04-06 15:34:00,4668.38573,4669.63572,4668.38573,4669.63572,885.6571983250469
2026-04-06 15:35:00,4669.73438,4669.73438,4666.66053,4667.28316,2177.919326611164
2026-04-06 15:36:00,4666.86034,4667.24832,4665.61381,4665.61381,1133.305598890482
2026-04-06 15:37:00,4665.52372,4665.70242,4660.48155,4660.48155,3125.923176174712
2026-04-06 15:38:00,4661.15125,4661.15125,4652.70598,4656.23003,4000.0
2026-04-06 15:39:00,4656.00682,4656.23418,4654.11503,4654.11503,1187.1988795518644
2026-04-06 15:40:00,4653.8391,4655.86394,4653.8391,4655.86394,1134.3641456580892
2026-04-06 15:41:00,4655.83001,4655.86358,4655.6361,4655.6361,250.0
2026-04-06 15:42:00,4655.96689,4660.06966,4655.60985,4657.85891,2252.241606128476
2026-04-06 15:43:00,4657.89517,4657.95165,4657.44489,4657.61607,255.91806743383063
2026-04-06 15:44:00,4657.26453,4659.69703,4657.26453,4659.69703,1228.4329841197086
2026-04-06 15:45:00,4659.70052,4661.19997,4659.61512,4660.77282,866.1920832931094
2026-04-06 15:46:00,4661.02605,4664.40544,4660.49507,4662.45366,2137.193763920158
2026-04-06 15:47:00,4662.80941,4666.6048,4662.431,4664.59457,2014.3871003549689
2026-04-06 15:48:00,4664.57072,4664.90055,4664.39666,4664.90055,275.3986363698301
2026-04-06 15:49:00,4664.79836,4664.86993,4664.36237,4664.36237,277.40445707572417
2026-04-06 15:50:00,4664.27976,4664.46644,4664.02141,4664.11368,276.4710998459192
2026-04-06 15:51:00,4664.20712,4665.63002,4664.12938,4665.38859,932.2598280401656
2026-04-06 15:52:00,4665.42803,4666.97078,4665.26709,4666.1971,1058.4029123799908
2026-04-06 15:53:00,4666.16233,4666.30015,4666.13784,4666.25836,250.0
2026-04-06 15:54:00,4666.17773,4666.26402,4665.16989,4665.16989,709.2098823849707
2026-04-06 15:55:00,4665.09372,4665.26709,4664.55787,4664.71128,515.6782264432209
2026-04-06 15:56:00,4664.68857,4664.73498,4664.23793,4664.23793,361.4081137775904
2026-04-06 15:57:00,4663.93909,4665.39526,4663.93909,4665.39526,984.9601428570268
2026-04-06 15:58:00,4665.43227,4666.18437,4665.26709,4665.95512,677.9200047295418
2026-04-06 15:59:00,4666.20736,4669.61668,4665.69076,4667.64435,2655.5104994910776
2026-04-06 16:00:00,4667.70266,4669.48555,4667.66243,4669.18208,1181.7377466793678
2026-04-06 16:01:00,4669.15514,4669.64161,4669.15514,4669.64161,329.0505646286908
2026-04-06 16:02:00,4669.55487,4669.63266,4669.20673,4669.20673,288.1010277971066
2026-04-06 16:03:00,4668.89713,4669.19614,4667.41167,4667.41167,1156.6849997896134
2026-04-06 16:04:00,4667.48192,4668.55311,4667.41969,4668.2053,734.6774742427551
2026-04-06 16:05:00,4668.07502,4668.20194,4666.93852,4666.93852,854.5831487314786
2026-04-06 16:06:00,4666.97017,4667.01387,4666.36824,4666.58304,474.79951022017184
2026-04-06 16:07:00,4666.45835,4666.57334,4665.92143,4665.92143,543.974566512155
2026-04-06 16:08:00,4666.02222,4666.02634,4663.99592,4664.93905,1694.2474257770753
2026-04-06 16:09:00,4664.81712,4665.04945,4663.96855,4663.96855,970.4832663698032
2026-04-06 16:10:00,4663.83791,4664.06829,4663.83791,4663.99103,250.0
2026-04-06 16:11:00,4664.09713,4665.78973,4663.96157,4665.37121,1641.4087225879064
2026-04-06 16:12:00,4665.56963,4669.5138,4665.26709,4667.88278,3812.897578056773
2026-04-06 16:13:00,4667.9036,4668.60435,4667.88032,4668.43526,650.068460864653
2026-04-06 16:14:00,4668.19149,4669.76498,4668.19149,4669.76498,1412.7539224709126
2026-04-06 16:15:00,4669.78059,4670.17627,4669.6241,4670.10084,507.7355254868651
2026-04-06 16:16:00,4670.00659,4670.50669,4670.00659,4670.45599,500.5555055100908
2026-04-06 16:17:00,4670.1706,4672.19747,4670.1706,4672.19747,2028.7161316790084
2026-04-06 16:18:00,4672.79419,4672.79419,4663.88501,4667.42486,4000.0
2026-04-06 16:19:00,4667.49751,4669.1464,4667.29411,4668.30057,1663.0737806111074
2026-04-06 16:20:00,4668.20075,4668.38532,4668.20075,4668.3264,250.0
2026-04-06 16:21:00,4668.20912,4669.61075,4668.20912,4669.61075,1258.449866444867
2026-04-06 16:22:00,4669.8608,4669.8608,4665.69017,4667.61119,3744.589347041601
2026-04-06 16:23:00,4667.49009,4667.66243,4667.36843,4667.36843,263.9671387846921
2026-04-06 16:24:00,4667.3115,4668.3292,4667.3115,4668.10486,919.1986704721032
2026-04-06 16:25:00,4667.916,4669.19918,4667.916,4669.19918,1070.7264565004473
2026-04-06 16:26:00,4669.15493,4669.16549,4669.15493,4669.16009,250.0
2026-04-06 16:27:00,4669.14984,4669.21344,4666.72279,4667.21049,2078.278066120634
2026-04-06 16:28:00,4667.27518,4667.63263,4667.19564,4667.51533,364.6384406135487
2026-04-06 16:29:00,4667.44666,4667.6152,4667.44457,4667.52994,250.0
2026-04-06 16:30:00,4667.5512,4667.56643,4665.99372,4666.12882,1420.4902633754689
2026-04-06 16:31:00,4665.9647,4666.5336,4665.9647,4666.5336,513.8372051004897
2026-04-06 16:32:00,4666.57548,4667.32227,4666.46033,4666.97436,778.5143971958939
2026-04-06 16:33:00,4666.90207,4667.07863,4666.77759,4666.80227,286.8960259221546
2026-04-06 16:34:00,4666.78691,4666.79111,4666.68631,4666.68631,250.0
2026-04-06 16:35:00,4666.53105,4666.98402,4666.53105,4666.98402,571.2213976311181
2026-04-06 16:36:00,4667.0207,4667.1546,4667.00139,4667.1546,250.0
2026-04-06 16:37:00,4667.07864,4667.1856,4667.00891,4667.09816,250.0
2026-04-06 16:38:00,4666.78414,4668.94,4666.78414,4668.94,2718.6642874719746
2026-04-06 16:39:00,4668.71948,4668.94209,4666.98527,4666.98527,2467.663322762017
2026-04-06 16:40:00,4666.40809,4667.00891,4664.46402,4664.46402,2707.8483113777816
2026-04-06 16:41:00,4664.3986,4664.82309,4664.3986,4664.82309,535.3064685960553
2026-04-06 16:42:00,4664.7823,4665.9523,4664.7823,4665.9523,1475.4377447249046
2026-04-06 16:43:00,4665.88683,4666.16919,4665.88683,4666.09035,394.6772525221904
2026-04-06 16:44:00,4666.09249,4666.15667,4664.97,4665.3011,1658.70397808394
2026-04-06 16:45:00,4665.74998,4665.74998,4660.76867,4663.20357,4000.0
2026-04-06 16:46:00,4663.00161,4663.30908,4662.54555,4662.54555,812.4215275266853
2026-04-06 16:47:00,4662.41858,4663.81087,4662.41858,4663.81087,1481.4432550920435
2026-04-06 16:48:00,4663.84612,4663.85006,4663.66554,4663.71734,250.0
2026-04-06 16:49:00,4663.70042,4664.02282,4663.70042,4663.93115,483.927861126127
2026-04-06 16:50:00,4663.68484,4665.34177,4663.68484,4665.34177,2038.7088042229664
2026-04-06 16:51:00,4665.32195,4666.09207,4665.26709,4666.09207,1038.684049832394
2026-04-06 16:52:00,4665.99684,4666.1161,4665.72371,4665.72371,588.9840366850518
2026-04-06 16:53:00,4665.63458,4666.00076,4665.63458,4666.00076,549.6423827144835
2026-04-06 16:54:00,4666.18438,4666.18438,4663.11094,4664.33663,4000.0
2026-04-06 16:55:00,4663.94919,4664.30926,4662.62518,4662.62518,2527.8326065919505
2026-04-06 16:56:00,4662.44257,4662.65678,4660.79962,4660.79962,2338.2414967497325
2026-04-06 16:57:00,4660.87078,4661.54592,4660.80252,4661.31845,986.6417152748992
2026-04-06 16:58:00,4661.28715,4661.3464,4660.42151,4660.42151,1164.474885270439
2026-04-06 16:59:00,4660.52277,4660.52277,4658.98575,4659.58661,1822.2796576014205
2026-04-07 13:00:00,4652.40995,4652.67762,4651.75038,4651.75038,639.0990140296263
2026-04-07 13:01:00,4651.88919,4651.88919,4649.57903,4650.66079,1568.416586044738
2026-04-07 13:02:00,4650.16874,4653.4403,4650.16874,4653.4403,2221.1314221702155
2026-04-07 13:03:00,4653.21622,4653.42689,4652.57445,4652.57445,578.739582802683
2026-04-07 13:04:00,4653.22394,4660.43784,4652.16626,4656.28863,4000.0
2026-04-07 13:05:00,4656.31343,4656.38678,4656.14378,4656.20553,250.0
2026-04-07 13:06:00,4655.89447,4658.26557,4655.89447,4658.26557,1286.9172548727722
2026-04-07 13:07:00,4658.12044,4658.23645,4658.00873,4658.00873,250.0
2026-04-07 13:08:00,4657.9749,4658.06215,4656.36012,4656.68059,963.294158929113
2026-04-07 13:09:00,4657.04984,4657.04984,4653.03319,4654.95741,2180.041411912406
2026-04-07 13:10:00,4654.93816,4655.38211,4654.93816,4655.29509,250.0
2026-04-07 13:11:00,4655.4505,4655.4505,4651.583,4652.98541,1857.878871582004
2026-04-07 13:12:00,4652.93926,4655.39127,4652.93926,4655.39127,1047.5854791232684
2026-04-07 13:13:00,4655.32308,4655.43134,4654.77927,4654.86229,278.5873888654679
2026-04-07 13:14:00,4654.70682,4655.55956,4654.70682,4655.55956,411.7627175930119
2026-04-07 13:15:00,4655.6649,4657.62436,4655.49348,4656.91579,1075.490458332909
2026-04-07 13:16:00,4657.08604,4657.08604,4654.07952,4655.51334,1353.971141894741
2026-04-07 13:17:00,4655.48668,4655.54223,4653.84544,4653.84544,764.1408318772532
2026-04-07 13:18:00,4653.71474,4653.86549,4653.15897,4653.15897,368.6598433043718
2026-04-07 13:19:00,4653.34427,4653.34427,4650.75291,4651.95093,1352.163238896817
2026-04-07 13:20:00,4651.92839,4652.02828,4651.9274,4652.01079,250.0
2026-04-07 13:21:00,4652.07236,4654.00115,4652.00006,4653.1122,1080.758927607084
2026-04-07 13:22:00,4653.56046,4658.45116,4653.09583,4656.0615,2592.1436990104567
2026-04-07 13:23:00,4656.3928,4660.49037,4656.05426,4658.71088,2147.2130726995297
2026-04-07 13:24:00,4658.67118,4659.01521,4658.52977,4659.01521,250.0
2026-04-07 13:25:00,4659.05729,4660.67319,4658.96385,4660.58295,921.3702993994216
2026-04-07 13:26:00,4660.75039,4663.30484,4660.34805,4661.85306,1593.772150397724
2026-04-07 13:27:00,4661.91089,4661.91089,4659.78909,4660.21863,1143.6949356273228
2026-04-07 13:28:00,4660.29335,4660.29335,4659.20945,4659.48211,584.2449527411135
2026-04-07 13:29:00,4659.32805,4659.47167,4658.70744,4658.70744,411.9360828797484
2026-04-07 13:30:00,4658.83321,4660.84795,4658.69134,4659.8609,1046.164219758561
2026-04-07 13:31:00,4660.25568,4660.25568,4653.06532,4655.16315,3488.019326249855
2026-04-07 13:32:00,4655.66533,4655.66533,4648.76834,4651.50534,3345.706531098712
2026-04-07 13:33:00,4651.30438,4651.5955,4650.76932,4650.76932,400.7771247838743
2026-04-07 13:34:00,4650.87762,4650.87762,4648.68109,4649.68931,1065.529276793878
2026-04-07 13:35:00,4650.34702,4650.34702,4643.10924,4646.67062,3403.867678734852
2026-04-07 13:36:00,4646.63429,4647.66424,4646.63429,4647.40457,499.62526286182174
2026-04-07 13:37:00,4647.37456,4648.42019,4647.27205,4648.01412,556.9588322755828
2026-04-07 13:38:00,4647.82041,4649.68621,4647.82041,4649.68621,905.0932719523164
2026-04-07 13:39:00,4649.41426,4649.65167,4648.3877,4648.3877,653.7398270962924
2026-04-07 13:40:00,4648.26171,4649.40688,4648.26171,4649.40688,592.2951001967878
2026-04-07 13:41:00,4648.91125,4649.41442,4642.72714,4642.72714,3458.7381590897385
2026-04-07 13:42:00,4642.56509,4642.95663,4639.46163,4639.46163,1807.6542130758808
2026-04-07 13:43:00,4639.79371,4643.22333,4639.43428,4641.37828,1838.0553446731465
2026-04-07 13:44:00,4641.48225,4641.48225,4640.01867,4640.68842,709.9777098102373
2026-04-07 13:45:00,4640.6406,4640.80193,4640.44269,4640.44269,250.0
2026-04-07 13:46:00,4640.14902,4644.84781,4640.14902,4644.84781,2430.2682517481417
2026-04-07 13:47:00,4644.86923,4644.86923,4644.69456,4644.69456,250.0
2026-04-07 13:48:00,4644.57606,4645.07047,4644.57606,4645.07047,255.71454062537063
2026-04-07 13:49:00,4645.15016,4647.08667,4645.08335,4646.65737,1036.140153973943
2026-04-07 13:50:00,4646.66519,4647.87304,4646.62423,4647.32814,645.8989006670813
2026-04-07 13:51:00,4647.19107,4647.92731,4647.19107,4647.92731,411.8663884492336
2026-04-07 13:52:00,4647.80168,4647.89578,4647.32009,4647.32009,362.8770974368543
2026-04-07 13:53:00,4647.32393,4647.39261,4645.622,4646.18467,1116.076043518016
2026-04-07 13:54:00,4645.5392,4650.85681,4645.5392,4650.85681,3056.141611230153
2026-04-07 13:55:00,4650.49529,4652.49364,4650.29762,4652.49364,1207.7956006060456
2026-04-07 13:56:00,4652.60805,4652.60805,4649.3521,4650.55463,1790.749667942014
2026-04-07 13:57:00,4650.81346,4650.81346,4645.04948,4647.07721,3170.148580606676
2026-04-07 13:58:00,4646.76424,4648.42512,4646.76424,4648.42512,913.472353227406
2026-04-07 13:59:00,4648.33063,4648.45381,4647.11469,4647.11469,736.5066095406999
2026-04-07 14:00:00,4648.05245,4648.05245,4636.12923,4641.85166,4000.0
2026-04-07 14:01:00,4642.49871,4642.49871,4634.22292,4638.04338,4000.0
2026-04-07 14:02:00,4638.03535,4638.08577,4633.01396,4633.63761,2789.459934386184
2026-04-07 14:03:00,4633.56778,4633.70557,4629.87799,4630.05992,1978.5274170874693
2026-04-07 14:04:00,4630.44168,4630.44168,4625.459,4627.82858,2575.614093127567
2026-04-07 14:05:00,4628.1299,4628.1299,4623.56197,4625.52469,2361.224257712807
2026-04-07 14:06:00,4627.32732,4627.32732,4604.80231,4615.35512,4000.0
2026-04-07 14:07:00,4616.05693,4616.05693,4606.87294,4611.29494,3369.0537548816105
2026-04-07 14:08:00,4611.036,4613.24749,4611.036,4613.24749,808.9672680449756
2026-04-07 14:09:00,4613.24632,4613.31165,4611.4231,4612.03676,690.8351989230282
2026-04-07 14:10:00,4612.9129,4622.47926,4612.01053,4617.37886,3101.409431265541
2026-04-07 14:11:00,4616.33903,4622.43852,4616.33903,4622.43852,1807.0019774994405
2026-04-07 14:12:00,4622.56692,4624.13564,4622.3537,4623.6744,651.8370571971309
2026-04-07 14:13:00,4623.59199,4623.73605,4623.24441,4623.34592,250.0
2026-04-07 14:14:00,4623.06181,4623.42226,4621.99445,4621.99445,647.8987001733086
2026-04-07 14:15:00,4621.9807,4622.03824,4619.85018,4620.079,992.8780649391364
2026-04-07 14:16:00,4620.23117,4623.21895,4620.09706,4622.61544,1416.6229912131753
2026-04-07 14:17:00,4622.39471,4622.63242,4619.12212,4619.12212,1316.350981928868
2026-04-07 14:18:00,4618.82651,4619.151,4615.5308,4615.5308,1135.2432798562918
2026-04-07 14:19:00,4615.78934,4615.78934,4612.61438,4614.13743,987.4061369231612
2026-04-07 14:20:00,4614.59665,4621.50872,4614.13843,4619.04336,2178.544984297121
2026-04-07 14:21:00,4617.53098,4626.24662,4617.53098,4626.24662,2444.60837248448
2026-04-07 14:22:00,4626.95535,4635.08549,4626.20281,4631.28364,2385.32287473615
2026-04-07 14:23:00,4631.90756,4638.80254,4630.82067,4634.79639,1901.4616146009816
2026-04-07 14:24:00,4634.1846,4641.83132,4634.1846,4641.83132,1821.6213190146595
2026-04-07 14:25:00,4641.4857,4643.88702,4641.4857,4643.88702,572.0486307561684
2026-04-07 14:26:00,4643.49327,4645.91734,4643.49327,4645.91734,577.4681943086117
2026-04-07 14:27:00,4645.92259,4645.97545,4643.60527,4644.29079,636.4795952619564
2026-04-07 14:28:00,4643.99425,4644.29951,4641.52988,4641.52988,743.7464586762662
2026-04-07 14:29:00,4641.28577,4643.43103,4641.28577,4643.43103,576.0803890553873
2026-04-07 14:30:00,4643.72247,4648.81493,4643.38782,4647.23217,1457.3765605321278
2026-04-07 14:31:00,4646.68528,4647.20919,4644.28535,4644.28535,820.093962555153
2026-04-07 14:32:00,4644.14509,4645.58238,4644.14509,4645.58238,429.98776412579474
2026-04-07 14:33:00,4646.14627,4652.66293,4645.54492,4649.75779,2129.463925112839
2026-04-07 14:34:00,4650.41929,4657.89783,4649.64895,4653.86368,2467.7813577930715
2026-04-07 14:35:00,4653.85456,4654.04173,4653.76024,4654.04173,250.0
2026-04-07 14:36:00,4654.05252,4654.56868,4653.97682,4654.56868,250.0
2026-04-07 14:37:00,4653.85648,4658.24296,4653.85648,4658.24296,1451.1001979907603
2026-04-07 14:38:00,4658.22459,4658.50051,4658.09577,4658.43638,250.0
2026-04-07 14:39:00,4658.22834,4658.45244,4656.22177,4656.22177,737.9323919526621
2026-04-07 14:40:00,4656.52838,4656.52838,4653.3698,4654.88108,1044.8961498444155
2026-04-07 14:41:00,4654.67894,4654.85876,4653.83301,4653.83301,360.3250741638838
2026-04-07 14:42:00,4653.79266,4653.92058,4652.96907,4653.29182,334.2460748893016
2026-04-07 14:43:00,4653.4514,4653.4514,4650.95308,4651.79555,877.6089098563872
2026-04-07 14:44:00,4651.49741,4651.81188,4650.66075,4650.66075,404.3685134023171
2026-04-07 14:45:00,4650.49014,4650.68041,4648.13734,4648.13734,893.3286730236746
2026-04-07 14:46:00,4648.3233,4649.93613,4648.11331,4649.10441,686.2122837730318
2026-04-07 14:47:00,4649.01462,4649.41305,4649.00046,4649.41305,250.0
2026-04-07 14:48:00,4649.42571,4649.48085,4649.38233,4649.48085,250.0
2026-04-07 14:49:00,4649.76723,4653.62947,4649.33217,4651.45008,1746.0217495974189
2026-04-07 14:50:00,4650.83805,4651.41933,4648.03494,4648.03494,1375.1003069648514
2026-04-07 14:51:00,4647.46512,4648.1361,4644.28442,4644.28442,1564.963361293996
2026-04-07 14:52:00,4644.38639,4644.89758,4643.20935,4643.58041,699.7278976413343
2026-04-07 14:53:00,4643.54964,4646.08723,4643.54964,4646.08723,1051.7657640107534
2026-04-07 14:54:00,4646.13756,4646.13756,4641.97781,4642.67987,1724.1093466019654
2026-04-07 14:55:00,4643.07962,4643.07962,4637.57203,4640.0502,2237.770676439889
2026-04-07 14:56:00,4640.0819,4640.15591,4638.00895,4638.53582,881.9800759988573
2026-04-07 14:57:00,4638.21152,4639.70667,4638.21152,4639.70667,632.3337541419465
2026-04-07 14:58:00,4639.68572,4639.98647,4639.51007,4639.91478,250.0
2026-04-07 14:59:00,4640.74758,4640.74758,4628.61156,4633.7147,4000.0
2026-04-07 15:00:00,4633.48585,4633.9203,4632.17759,4632.17759,796.1888053579456
2026-04-07 15:01:00,4631.92894,4633.19153,4631.92894,4633.19153,636.1007410990835
2026-04-07 15:02:00,4633.08338,4634.40202,4633.08338,4634.40202,664.3390817628665
2026-04-07 15:03:00,4634.71823,4634.71823,4629.97376,4632.25241,2390.293668666839
2026-04-07 15:04:00,4632.21201,4632.98397,4632.21201,4632.89302,433.0127638808633
2026-04-07 15:05:00,4631.93586,4632.87246,4627.42107,4627.42107,2746.4443873457853
2026-04-07 15:06:00,4627.37039,4627.56525,4627.37039,4627.56525,250.0
2026-04-07 15:07:00,4627.38292,4629.65359,4627.38292,4629.65359,1143.9777519155614
2026-04-07 15:08:00,4629.76709,4632.02457,4629.62961,4630.90295,1094.1810979912204
2026-04-07 15:09:00,4631.03904,4631.03904,4627.84352,4628.9563,1446.7123774509705
2026-04-07 15:10:00,4628.47296,4633.88218,4628.47296,4633.88218,2448.9239705451346
2026-04-07 15:11:00,4634.49941,4641.92136,4633.70557,4638.19345,3521.835207678732
2026-04-07 15:12:00,4638.36303,4641.87067,4638.0038,4640.52472,1580.4818036165398
2026-04-07 15:13:00,4640.32455,4641.87278,4640.32455,4641.87278,663.6745734229177
2026-04-07 15:14:00,4641.80799,4641.84727,4641.59265,4641.59265,250.0
2026-04-07 15:15:00,4641.65029,4643.66341,4641.58826,4642.81041,939.485651808642
2026-04-07 15:16:00,4643.27897,4650.1797,4642.74107,4647.73852,3188.692631006072
2026-04-07 15:17:00,4647.9604,4647.9604,4645.41512,4646.61466,1032.0341405563104
2026-04-07 15:18:00,4646.63384,4646.8887,4646.5982,4646.8664,250.0
2026-04-07 15:19:00,4646.79696,4647.6813,4646.79696,4647.48669,379.08706862765086
2026-04-07 15:20:00,4647.64514,4651.1456,4647.48803,4650.38424,1567.8782929635568
2026-04-07 15:21:00,4650.33798,4650.57687,4650.29762,4650.57687,250.0
2026-04-07 15:22:00,4650.60525,4650.62458,4649.05681,4649.39222,709.7787727807373
2026-04-07 15:23:00,4649.28978,4649.40917,4648.97251,4648.97251,250.0
2026-04-07 15:24:00,4649.29684,4649.29684,4644.86531,4646.92835,2099.2015840421736
2026-04-07 15:25:00,4646.69561,4649.18405,4646.69561,4649.18405,1178.7660672034872
2026-04-07 15:26:00,4649.27607,4651.12276,4649.00046,4650.14007,1011.2330105183702
2026-04-07 15:27:00,4650.05022,4650.94178,4650.05022,4650.94178,424.8103014926198
2026-04-07 15:28:00,4650.96092,4650.96406,4650.6388,4650.6388,250.0
2026-04-07 15:29:00,4650.59702,4650.66267,4650.59702,4650.64863,250.0
2026-04-07 15:30:00,4651.25057,4657.74361,4650.62441,4654.33429,3392.1547606287936
2026-04-07 15:31:00,4654.31416,4654.43649,4654.19343,4654.26667,250.0
2026-04-07 15:32:00,4654.37568,4654.37568,4651.98194,4652.55032,1089.8048472903304
2026-04-07 15:33:00,4652.61364,4652.61364,4648.07738,4649.0384,2065.2360475942164
2026-04-07 15:34:00,4648.9706,4649.05533,4648.71054,4648.71054,250.0
2026-04-07 15:35:00,4649.01398,4649.01398,4644.90071,4646.87002,1872.6601820635897
2026-04-07 15:36:00,4646.61552,4649.01742,4646.61552,4649.01742,1029.8837366353637
2026-04-07 15:37:00,4648.88786,4649.00592,4648.78434,4648.79241,250.0
2026-04-07 15:38:00,4648.71601,4648.82683,4647.6623,4647.6623,554.8749836210591
2026-04-07 15:39:00,4648.00459,4648.00459,4644.17014,4646.02393,1827.0378444053829
2026-04-07 15:40:00,4645.82782,4646.02126,4644.59094,4644.59094,785.260175903209
2026-04-07 15:41:00,4644.44375,4644.61164,4643.40239,4643.40239,776.1553273429026
2026-04-07 15:42:00,4643.58812,4643.58812,4641.3032,4642.3307,1466.5725288836547
2026-04-07 15:43:00,4641.95374,4645.64232,4641.95374,4645.64232,2025.0678027520169
2026-04-07 15:44:00,4645.15424,4647.62171,4645.15424,4647.62171,1175.6995318589627
2026-04-07 15:45:00,4647.37453,4647.61029,4646.34147,4646.34147,687.6942713820839
2026-04-07 15:46:00,4646.18418,4648.19598,4646.18418,4648.19598,1124.0456255920633
2026-04-07 15:47:00,4647.87469,4650.17548,4647.87469,4650.17548,1285.511946965872
2026-04-07 15:48:00,4650.13787,4650.91189,4650.08138,4650.91189,464.02780222245394
2026-04-07 15:49:00,4650.83275,4651.09106,4650.73016,4651.03415,250.0
2026-04-07 15:50:00,4650.81636,4651.94648,4650.81636,4651.94648,753.8933120752133
2026-04-07 15:51:00,4651.92404,4651.97822,4650.07915,4650.086,1095.562529566041
2026-04-07 15:52:00,4649.98747,4650.13718,4649.83241,4649.89472,250.0
2026-04-07 15:53:00,4649.81655,4652.59678,4649.81655,4652.59678,1421.7961732299284
2026-04-07 15:54:00,4652.64122,4653.64967,4652.46115,4653.16454,713.9566106700737
2026-04-07 15:55:00,4653.28547,4656.24289,4653.1106,4655.32975,1881.5999327202449
2026-04-07 15:56:00,4655.07274,4655.30624,4653.68966,4653.68966,1061.130985591741
2026-04-07 15:57:00,4653.92177,4653.92177,4651.00433,4652.30995,1659.68739777847
2026-04-07 15:58:00,4652.45424,4654.17989,4652.30919,4653.61305,992.4743419359828
2026-04-07 15:59:00,4653.83288,4656.87486,4653.38393,4655.12863,1785.2447153699238
2026-04-07 16:00:00,4655.09358,4656.40272,4655.06005,4656.40272,712.3352353059826
2026-04-07 16:01:00,4656.2991,4656.38792,4655.51629,4655.51629,462.43139501898935
2026-04-07 16:02:00,4655.91227,4660.13647,4655.29137,4657.69911,2570.501648641398
2026-04-07 16:03:00,4657.85902,4665.96505,4657.66185,4665.13322,4000.0
2026-04-07 16:04:00,4665.12891,4665.14885,4664.50751,4664.50751,340.2541799627476
2026-04-07 16:05:00,4664.61062,4664.61062,4660.81103,4661.54869,2015.820593829193
2026-04-07 16:06:00,4661.52882,4661.58062,4661.06545,4661.09257,295.45663095571854
2026-04-07 16:07:00,4660.81637,4661.13545,4659.72737,4659.72737,807.5520176183389
2026-04-07 16:08:00,4658.86707,4659.83225,4655.36802,4655.36802,2368.4362706475795
2026-04-07 16:09:00,4655.49537,4655.49537,4654.19691,4654.73525,744.6835355921361
2026-04-07 16:10:00,4654.79762,4655.08468,4654.70091,4655.01215,250.0
2026-04-07 16:11:00,4655.18378,4658.45331,4654.84336,4656.96376,1915.2096812268492
2026-04-07 16:12:00,4657.11047,4659.9964,4656.9822,4659.36894,1599.1426532647813
2026-04-07 16:13:00,4659.39205,4659.41722,4658.94774,4659.0409,269.2528274188594
2026-04-07 16:14:00,4659.25359,4659.25359,4656.31469,4657.63419,1685.4970062626833
2026-04-07 16:15:00,4657.53385,4657.66185,4657.35602,4657.35602,250.0
2026-04-07 16:16:00,4657.3877,4659.12274,4657.35467,4658.42556,1044.757951339192
2026-04-07 16:17:00,4658.46458,4658.50687,4658.22206,4658.31575,250.0
2026-04-07 16:18:00,4658.26828,4658.32448,4657.74749,4657.74749,381.5238737580228
2026-04-07 16:19:00,4657.68962,4657.80774,4657.2141,4657.35171,392.53337565216754
2026-04-07 16:20:00,4657.4893,4657.4893,4655.25227,4656.1173,1321.8678445335588
2026-04-07 16:21:00,4655.9565,4657.02508,4655.9565,4657.02508,706.5785906515753
2026-04-07 16:22:00,4656.45365,4660.1693,4656.45365,4660.1693,2195.5889087493388
2026-04-07 16:23:00,4660.09994,4660.21122,4660.0494,4660.21122,250.0
2026-04-07 16:24:00,4660.22581,4660.2997,4658.86098,4659.40578,941.7864039535413
2026-04-07 16:25:00,4659.40171,4659.42843,4658.52055,4658.52055,637.8249262329338
2026-04-07 16:26:00,4658.32545,4658.52977,4657.42418,4657.42418,803.8462237571998
2026-04-07 16:27:00,4657.69851,4661.85647,4657.42234,4660.22191,3223.942561119254
2026-04-07 16:28:00,4660.58106,4663.98199,4660.04473,4662.01152,2862.681086976561
2026-04-07 16:29:00,4661.96021,4662.30227,4661.78733,4662.30227,389.9391548314766
2026-04-07 16:30:00,4662.35065,4662.95351,4662.22202,4662.95351,608.5480751233061
2026-04-07 16:31:00,4663.15265,4663.15265,4658.48957,4660.11882,3445.786871799446
2026-04-07 16:32:00,4660.12011,4660.26657,4658.94188,4659.16365,1009.99942816823
2026-04-07 16:33:00,4659.05347,4659.50761,4659.05347,4659.50761,377.8124415047993
2026-04-07 16:34:00,4659.6559,4661.52877,4659.39801,4660.5397,1624.5811333705378
2026-04-07 16:35:00,4660.6167,4660.64377,4658.90456,4659.68728,1326.046928311458
2026-04-07 16:36:00,4659.80413,4660.7525,4659.66994,4660.39018,825.3893219984072
2026-04-07 16:37:00,4660.38675,4660.48743,4659.16801,4659.70417,1008.006478524544
2026-04-07 16:38:00,4659.75191,4660.27957,4659.71194,4660.20962,472.2281150554527
2026-04-07 16:39:00,4660.45144,4660.45144,4656.48045,4658.35307,3275.029793691504
2026-04-07 16:40:00,4658.2325,4658.33641,4657.68355,4657.68355,538.4390167464588
2026-04-07 16:41:00,4657.46743,4659.212,4657.46743,4659.212,1438.8146853009266
2026-04-07 16:42:00,4659.22799,4659.3725,4659.18092,4659.3725,250.0
2026-04-07 16:43:00,4659.33285,4659.42022,4658.67205,4658.81713,683.8379452961291
2026-04-07 16:44:00,4658.73668,4659.24165,4658.73668,4659.24165,469.49059568412224
2026-04-07 16:45:00,4659.26128,4661.69702,4659.18092,4661.3976,2299.7509311517774
2026-04-07 16:46:00,4661.36447,4661.9106,4661.13545,4661.7265,720.6876353937128
2026-04-07 16:47:00,4661.72862,4661.77596,4660.93136,4661.07441,785.258049220765
2026-04-07 16:48:00,4661.26685,4663.09669,4660.98218,4662.08891,1932.692000091753
2026-04-07 16:49:00,4662.05711,4662.12742,4660.19975,4660.26229,1589.824371858335
2026-04-07 16:50:00,4660.60529,4660.60529,4656.98158,4658.71583,2988.6144799409994
2026-04-07 16:51:00,4658.41436,4660.55919,4658.41436,4660.55919,1622.3455151266578
2026-04-07 16:52:00,4660.49395,4660.84392,4660.26657,4660.73108,476.1629848953164
2026-04-07 16:53:00,4660.55529,4661.68923,4660.55529,4661.68923,924.3975608960226
2026-04-07 16:54:00,4661.72173,4661.77083,4661.70913,4661.77083,250.0
2026-04-07 16:55:00,4662.0929,4662.0929,4657.59864,4659.74724,3663.75908957541
2026-04-07 16:56:00,4659.66051,4659.83225,4658.39609,4658.39609,1086.3088146866771
2026-04-07 16:57:00,4658.17676,4658.39366,4657.22417,4657.22417,939.7607788146024
2026-04-07 16:58:00,4657.21408,4657.64265,4657.21408,4657.58567,372.1146290533834
2026-04-07 16:59:00,4657.5606,4657.83746,4657.5606,4657.83746,250.0
2026-04-08 13:00:00,4800.35756,4804.86162,4799.8464,4802.39083,2877.134809222367
2026-04-08 13:01:00,4802.45011,4803.67481,4802.38198,4803.39847,829.7930379362618
2026-04-08 13:02:00,4803.20341,4804.56871,4803.20341,4804.56871,987.7552496874192
2026-04-08 13:03:00,4804.48203,4806.0719,4804.45854,4806.0719,1167.2195192533388
2026-04-08 13:04:00,4806.40512,4806.40512,4801.32157,4803.80066,3391.3507563493963
2026-04-08 13:05:00,4803.80394,4803.84719,4801.50994,4801.927,1559.2321419635605
2026-04-08 13:06:00,4801.62872,4801.92077,4800.72014,4800.72014,800.9673276732578
2026-04-08 13:07:00,4800.64203,4800.76812,4798.11828,4798.11828,1584.4534800287963
2026-04-08 13:08:00,4798.22808,4798.23425,4796.86164,4797.36571,915.6990610250058
2026-04-08 13:09:00,4797.33703,4797.49362,4797.33703,4797.49362,250.0
2026-04-08 13:10:00,4797.72987,4797.72987,4794.14248,4795.87435,2393.228706281734
2026-04-08 13:11:00,4796.30506,4796.30506,4790.42952,4793.03808,3919.7051318389726
2026-04-08 13:12:00,4792.77123,4794.28908,4792.77123,4794.28908,969.4974147371058
2026-04-08 13:13:00,4794.14984,4794.29081,4793.78202,4793.78202,324.97980014169883
2026-04-08 13:14:00,4793.72674,4793.83414,4792.97844,4793.1234,546.5618722475921
2026-04-08 13:15:00,4793.38518,4795.99574,4793.09287,4794.59862,1723.7024149538056
2026-04-08 13:16:00,4794.55205,4795.47833,4794.55205,4795.41723,591.6434860643715
2026-04-08 13:17:00,4795.45338,4795.46327,4795.2169,4795.28147,250.0
2026-04-08 13:18:00,4795.28844,4795.77062,4795.26844,4795.5927,366.8345562859548
2026-04-08 13:19:00,4795.07727,4795.55852,4793.12704,4793.12704,1776.1577261483649
2026-04-08 13:20:00,4793.32849,4793.32849,4790.85423,4791.85643,1712.018156279819
2026-04-08 13:21:00,4791.82757,4792.02607,4791.44346,4791.44346,403.1261460110524
2026-04-08 13:22:00,4791.15076,4792.54578,4791.15076,4792.54578,1008.0971806200898
2026-04-08 13:23:00,4792.57525,4792.9831,4792.48538,4792.95189,359.67235504763926
2026-04-08 13:24:00,4792.51093,4796.57174,4792.51093,4796.57174,2934.503528289211
2026-04-08 13:25:00,4796.76951,4798.77647,4796.39311,4797.71202,1722.3111470822105
2026-04-08 13:26:00,4797.65041,4797.8088,4797.54366,4797.56385,250.0
2026-04-08 13:27:00,4797.44224,4797.54366,4796.91781,4796.91781,457.17353747960607
2026-04-08 13:28:00,4796.44019,4796.90389,4794.03969,4794.03969,2069.785339803147
2026-04-08 13:29:00,4794.249,4794.249,4790.82266,4791.76416,2352.5526370905127
2026-04-08 13:30:00,4792.02104,4792.02607,4788.86486,4790.26426,2170.512243938848
2026-04-08 13:31:00,4790.68504,4790.68504,4782.30702,4785.05949,4000.0
2026-04-08 13:32:00,4785.36878,4785.6049,4780.6831,4782.95473,2491.665844008447
2026-04-08 13:33:00,4783.34379,4783.34379,4777.3461,4779.97046,2541.065667360684
2026-04-08 13:34:00,4779.71138,4781.18542,4779.71138,4781.18542,764.722056496666
2026-04-08 13:35:00,4781.04844,4783.4333,4781.02888,4783.4333,1232.653458798891
2026-04-08 13:36:00,4783.59029,4785.85087,4783.2341,4784.58579,1093.1036931524548
2026-04-08 13:37:00,4784.4854,4785.41561,4784.46007,4785.41561,489.8685279696058
2026-04-08 13:38:00,4785.11827,4785.43319,4778.97834,4778.97834,2696.3853811163176
2026-04-08 13:39:00,4779.24373,4779.24373,4774.65595,4776.45405,1897.384147728723
2026-04-08 13:40:00,4776.4012,4776.47399,4775.72292,4775.72292,313.74457472996176
2026-04-08 13:41:00,4775.61427,4775.85649,4775.61427,4775.85649,250.0
2026-04-08 13:42:00,4775.85011,4777.9898,4775.77726,4777.9898,962.83208947119
2026-04-08 13:43:00,4778.31696,4778.31696,4773.49298,4775.78564,2015.1218309949352
2026-04-08 13:44:00,4775.56542,4777.89851,4775.56542,4777.89851,974.602007611148
2026-04-08 13:45:00,4777.77814,4777.92557,4777.20103,4777.20103,307.23955517398764
2026-04-08 13:46:00,4777.18296,4780.20978,4777.18296,4779.95901,1264.393936229426
2026-04-08 13:47:00,4780.77824,4788.82865,4779.51925,4784.20336,3850.1209702441215
2026-04-08 13:48:00,4784.09434,4784.97152,4784.0023,4784.97152,400.8436899026551
2026-04-08 13:49:00,4784.61859,4787.07941,4784.61859,4787.07941,1011.5924394275296
2026-04-08 13:50:00,4787.04851,4787.52328,4786.97942,4787.41273,250.0
2026-04-08 13:51:00,4786.43769,4787.37692,4782.94287,4782.94287,1822.7466682012664
2026-04-08 13:52:00,4782.26529,4783.087,4779.04183,4779.04183,1593.3425109154944
2026-04-08 13:53:00,4779.09352,4779.20092,4777.64503,4777.70485,612.8458579760498
2026-04-08 13:54:00,4777.4292,4777.83086,4773.86346,4773.86346,1562.7098682642124
2026-04-08 13:55:00,4774.11935,4774.11935,4769.81315,4771.44883,1571.327702942938
2026-04-08 13:56:00,4771.07501,4774.37776,4771.07501,4774.37776,1121.2829017727754
2026-04-08 13:57:00,4773.59578,4777.93085,4773.59578,4777.93085,1401.1147327986157
2026-04-08 13:58:00,4777.92121,4779.32101,4777.6026,4779.03121,555.398083073102
2026-04-08 13:59:00,4778.93817,4779.27803,4778.93817,4779.21502,250.0
2026-04-08 14:00:00,4779.06389,4779.94799,4779.06389,4779.94799,348.2360726246787
2026-04-08 14:01:00,4779.68105,4784.43887,4779.68105,4784.43887,1874.0465457034052
2026-04-08 14:02:00,4784.30895,4784.45034,4784.01952,4784.01952,250.0
2026-04-08 14:03:00,4784.28062,4787.29473,4783.80514,4785.56141,1434.4986064404486
2026-04-08 14:04:00,4785.81407,4791.09869,4785.57415,4789.61003,2176.048085803928
2026-04-08 14:05:00,4789.94118,4789.94118,4785.53433,4787.17091,1561.718693242754
2026-04-08 14:06:00,4787.36079,4789.51045,4787.14804,4788.47453,860.9930680582564
2026-04-08 14:07:00,4788.38415,4788.912,4788.35472,4788.912,250.0
2026-04-08 14:08:00,4788.7717,4788.89307,4787.9102,4787.9102,407.5567617550179
2026-04-08 14:09:00,4787.04434,4787.8962,4783.73393,4783.73393,1725.926402016838
2026-04-08 14:10:00,4783.81157,4785.50425,4783.75506,4785.14542,725.3189252843245
2026-04-08 14:11:00,4784.87637,4785.11574,4783.5337,4783.5337,656.0085254073492
2026-04-08 14:12:00,4783.49478,4783.62019,4783.49478,4783.62019,250.0
2026-04-08 14:13:00,4783.36892,4783.60392,4781.79935,4781.79935,768.6380577145791
2026-04-08 14:14:00,4781.76286,4781.85454,4780.61443,4780.85033,595.2080403558075
2026-04-08 14:15:00,4781.12739,4783.77797,4780.82287,4782.39879,1225.361427922844
2026-04-08 14:16:00,4782.32868,4782.97489,4782.32868,4782.97489,310.15747615824336
2026-04-08 14:17:00,4782.71974,4784.46059,4782.71974,4784.46059,979.722885057341
2026-04-08 14:18:00,4784.41572,4784.5196,4784.41572,4784.5196,250.0
2026-04-08 14:19:00,4785.29538,4785.29538,4773.38777,4778.21475,4000.0
2026-04-08 14:20:00,4778.05154,4778.28746,4777.35425,4777.35425,525.1958489034323
2026-04-08 14:21:00,4777.42929,4779.82581,4777.35521,4778.89823,1390.4146594037534
2026-04-08 14:22:00,4778.50212,4778.88614,4775.70751,4775.70751,1788.8827607944468
2026-04-08 14:23:00,4775.64979,4775.98642,4775.64979,4775.98642,250.0
2026-04-08 14:24:00,4775.9658,4775.9658,4775.93974,4775.93974,250.0
2026-04-08 14:25:00,4775.22763,4775.92252,4771.70132,4771.70132,2418.998063059644
2026-04-08 14:26:00,4772.60612,4772.60612,4760.23215,4764.99619,4000.0
2026-04-08 14:27:00,4764.24802,4769.03347,4764.24802,4769.03347,2742.346792587333
2026-04-08 14:28:00,4768.43084,4771.66,4768.43084,4771.66,1817.320246725096
2026-04-08 14:29:00,4771.39917,4771.64023,4770.66043,4770.66043,551.4159650625696
2026-04-08 14:30:00,4771.00667,4771.00667,4763.22945,4765.7044,3732.7848945767446
2026-04-08 14:31:00,4766.6365,4766.6365,4755.79187,4760.87902,4000.0
2026-04-08 14:32:00,4761.44444,4761.44444,4754.11864,4757.71125,3031.568318708256
2026-04-08 14:33:00,4758.17153,4758.17153,4751.53575,4754.73429,2746.023699516128
2026-04-08 14:34:00,4754.63041,4754.88565,4754.63005,4754.74665,250.0
2026-04-08 14:35:00,4754.72947,4756.1418,4754.65957,4755.64985,834.175633695577
2026-04-08 14:36:00,4755.69413,4755.70252,4755.03948,4755.17642,379.961261188706
2026-04-08 14:37:00,4755.3467,4758.31343,4755.18318,4757.3972,1761.655260907406
2026-04-08 14:38:00,4757.59822,4761.51401,4757.37393,4760.12535,1936.8025131165464
2026-04-08 14:39:00,4760.12365,4763.44555,4760.09139,4763.42077,1569.1352624578026
2026-04-08 14:40:00,4763.42188,4763.51189,4763.42188,4763.51189,250.0
2026-04-08 14:41:00,4764.0535,4771.64624,4763.49259,4768.4844,3005.5661020694706
2026-04-08 14:42:00,4768.51164,4768.52504,4765.49843,4765.70047,1011.9547754740132
2026-04-08 14:43:00,4765.8956,4765.8956,4763.41878,4764.50229,828.1310862611114
2026-04-08 14:44:00,4765.2573,4765.2573,4756.06903,4760.535,2984.725980450789
2026-04-08 14:45:00,4760.03863,4762.80048,4760.03863,4762.80048,897.1618649764447
2026-04-08 14:46:00,4763.32519,4763.32519,4755.87456,4759.44622,2361.95014011991
2026-04-08 14:47:00,4759.60015,4759.60015,4755.78171,4757.28224,1191.8118415242789
2026-04-08 14:48:00,4758.02128,4758.02128,4748.29534,4753.00371,2954.7219336138355
2026-04-08 14:49:00,4752.54555,4756.7561,4752.54555,4756.7561,1279.1570210773214
2026-04-08 14:50:00,4756.5102,4756.77297,4754.07391,4754.07391,819.9692556338307
2026-04-08 14:51:00,4753.99791,4754.20747,4753.99791,4754.05256,250.0
2026-04-08 14:52:00,4753.53451,4754.04965,4749.47898,4749.47898,1274.4806625211395
2026-04-08 14:53:00,4749.71475,4749.71475,4746.01892,4747.73325,983.6830457249532
2026-04-08 14:54:00,4747.74946,4749.41466,4747.74946,4749.41466,443.2100523405312
2026-04-08 14:55:00,4749.46068,4750.96084,4749.24012,4750.17738,488.14821013908966
2026-04-08 14:56:00,4750.72153,4750.72153,4739.68658,4742.83096,3130.486709910093
2026-04-08 14:57:00,4742.14693,4742.93303,4736.51113,4736.51113,1821.8181869761183
2026-04-08 14:58:00,4736.34574,4738.42755,4736.34574,4738.42755,590.5852348728037
2026-04-08 14:59:00,4738.17994,4739.77664,4738.17994,4739.77664,452.9651815108836
2026-04-08 15:00:00,4739.8018,4740.61763,4739.74924,4740.28823,267.83932539722514
2026-04-08 15:01:00,4739.66178,4744.6404,4739.66178,4744.6404,1535.5660730888844
2026-04-08 15:02:00,4744.86683,4747.20584,4744.62612,4746.17727,837.998590190234
2026-04-08 15:03:00,4746.23877,4746.27941,4744.59738,4745.34499,581.1666660907207
2026-04-08 15:04:00,4745.20383,4745.40882,4743.66507,4743.66507,602.4918544826896
2026-04-08 15:05:00,4743.33487,4744.83945,4743.33487,4744.83945,519.8550218885648
2026-04-08 15:06:00,4744.85909,4745.19193,4744.73335,4745.15697,250.0
2026-04-08 15:07:00,4745.33306,4748.04809,4744.95848,4746.52935,1067.5067289053172
2026-04-08 15:08:00,4746.62777,4746.62777,4744.96966,4745.46126,607.2650895181833
2026-04-08 15:09:00,4745.48363,4745.49268,4744.8139,4744.83519,257.17305892658305
2026-04-08 15:10:00,4745.56956,4745.56956,4734.44914,4738.89398,4000.0
2026-04-08 15:11:00,4738.93596,4739.63661,4738.82973,4739.31702,305.7070004808828
2026-04-08 15:12:00,4739.41716,4742.15277,4739.11189,4741.10599,1152.1146931676512
2026-04-08 15:13:00,4741.6587,4747.23949,4741.0849,4744.39244,2254.0528959460385
2026-04-08 15:14:00,4744.39118,4744.49514,4744.28314,4744.37007,250.0
2026-04-08 15:15:00,4744.46622,4745.20684,4744.33939,4744.89683,372.1739428898569
2026-04-08 15:16:00,4744.69182,4748.91621,4744.69182,4748.91621,1812.447844377288
2026-04-08 15:17:00,4748.94074,4748.94074,4748.78906,4748.89885,250.0
2026-04-08 15:18:00,4748.59168,4748.87624,4747.25888,4747.25888,933.6839401119104
2026-04-08 15:19:00,4746.57321,4751.8331,4746.57321,4751.8331,3036.475997772712
2026-04-08 15:20:00,4751.29717,4755.06389,4751.29717,4755.06389,2174.4855634493238
2026-04-08 15:21:00,4755.1087,4756.68922,4754.88565,4756.05933,1016.8634349312736
2026-04-08 15:22:00,4756.23433,4756.23433,4753.01632,4754.51378,1814.333073983064
2026-04-08 15:23:00,4754.52077,4754.65957,4754.47812,4754.603,250.0
2026-04-08 15:24:00,4754.50649,4754.70757,4754.4198,4754.42498,250.0
2026-04-08 15:25:00,4754.50112,4755.00658,4754.41598,4754.88847,344.7973892080184
2026-04-08 15:26:00,4754.97579,4754.99373,4752.74532,4753.79167,1312.64120871768
2026-04-08 15:27:00,4753.65908,4755.42956,4753.65908,4755.42956,1033.6215402036578
2026-04-08 15:28:00,4755.63079,4755.63079,4751.83248,4753.58698,2217.4862367114047
2026-04-08 15:29:00,4753.29085,4753.75547,4751.90216,4751.90216,1054.74598987603
2026-04-08 15:30:00,4751.6785,4752.43571,4751.6785,4752.43571,430.939352290547
2026-04-08 15:31:00,4752.39422,4752.40084,4752.28516,4752.28516,250.0
2026-04-08 15:32:00,4752.13383,4752.45543,4752.13383,4752.45543,250.0
2026-04-08 15:33:00,4752.15033,4754.3509,4752.15033,4754.3509,1293.7451864568252
2026-04-08 15:34:00,4754.34004,4755.10273,4754.20747,4754.78845,546.6452142742497
2026-04-08 15:35:00,4755.19897,4760.29217,4754.63223,4757.43334,3301.6137829255326
2026-04-08 15:36:00,4757.52795,4758.98518,4757.37393,4758.59316,939.8907422585656
2026-04-08 15:37:00,4758.61844,4758.68209,4758.50583,4758.68209,250.0
2026-04-08 15:38:00,4758.67034,4758.76755,4758.65881,4758.76755,250.0
2026-04-08 15:39:00,4758.56879,4760.0885,4758.56879,4760.0885,941.4020274978708
2026-04-08 15:40:00,4760.08887,4760.09555,4759.89223,4759.89223,250.0
2026-04-08 15:41:00,4759.8689,4759.96383,4759.16838,4759.40972,508.1189156039967
2026-04-08 15:42:00,4759.4033,4759.67588,4759.4033,4759.67588,250.0
2026-04-08 15:43:00,4759.97192,4759.97192,4755.74355,4757.80009,3501.799194194325
2026-04-08 15:44:00,4757.64088,4757.82662,4756.40385,4756.40385,967.0550012236416
2026-04-08 15:45:00,4756.3241,4756.4688,4755.74216,4755.89736,493.89630515750935
2026-04-08 15:46:00,4755.90624,4756.07459,4755.88405,4756.05567,250.0
2026-04-08 15:47:00,4756.02015,4758.2605,4756.01636,4758.1144,1525.3391696806252
2026-04-08 15:48:00,4758.12739,4758.17595,4758.053,4758.16389,250.0
2026-04-08 15:49:00,4758.1696,4758.57317,4758.053,4758.42927,615.3272885357096
2026-04-08 15:50:00,4758.75173,4763.18485,4758.27941,4761.05176,4000.0
2026-04-08 15:51:00,4760.95774,4761.63582,4760.95774,4761.63582,873.4429946039221
2026-04-08 15:52:00,4761.66667,4761.84824,4761.60908,4761.84824,322.3506419114395
2026-04-08 15:53:00,4761.8743,4761.95463,4760.34007,4761.04371,2079.7341336810764
2026-04-08 15:54:00,4761.1477,4761.22459,4758.44322,4758.97447,3290.179865265402
2026-04-08 15:55:00,4758.69419,4758.95874,4757.84087,4757.84087,1110.5790485466828
2026-04-08 15:56:00,4757.77917,4758.26642,4757.77917,4758.26642,576.3850689951976
2026-04-08 15:57:00,4758.28696,4758.37009,4758.27941,4758.37009,250.0
2026-04-08 15:58:00,4758.538,4758.538,4755.75941,4756.98315,3579.1351615949507
2026-04-08 15:59:00,4756.82674,4756.95385,4756.44149,4756.44149,690.5819321357926
2026-04-08 16:00:00,4756.33173,4757.01648,4756.33173,4757.01648,970.3200391107308
2026-04-08 16:01:00,4756.85031,4758.13489,4756.85031,4758.13489,1687.915957664657
2026-04-08 16:02:00,4758.17036,4759.83756,4758.053,4759.49391,2111.018447872397
2026-04-08 16:03:00,4759.64864,4762.13422,4759.30401,4760.73258,3347.954409688056
2026-04-08 16:04:00,4760.76036,4760.8389,4760.28379,4760.47713,729.4049629122073
2026-04-08 16:05:00,4760.99507,4760.99507,4755.06026,4757.83102,4000.0
2026-04-08 16:06:00,4757.51832,4757.82662,4756.76108,4756.76108,1400.1011766715042
2026-04-08 16:07:00,4756.71324,4756.86698,4756.13568,4756.37626,957.9826428687128
2026-04-08 16:08:00,4756.5026,4757.57559,4756.36158,4757.17204,1304.6926635834775
2026-04-08 16:09:00,4757.21908,4759.08656,4756.92132,4758.23076,2326.9765017547284
2026-04-08 16:10:00,4758.2941,4758.29583,4757.38699,4757.644,920.6333127363662
2026-04-08 16:11:00,4757.70652,4760.23429,4757.6716,4760.01375,2347.419861593636
2026-04-08 16:12:00,4759.94787,4760.03711,4759.86482,4759.95361,250.0
2026-04-08 16:13:00,4759.4981,4759.93314,4757.2298,4757.2298,2476.2550322664747
2026-04-08 16:14:00,4757.27473,4757.3089,4756.26973,4756.62482,987.4709579944064
2026-04-08 16:15:00,4757.1509,4757.1509,4751.33609,4754.1961,4000.0
2026-04-08 16:16:00,4753.96891,4754.20747,4753.35175,4753.35175,783.8381247687015
2026-04-08 16:17:00,4752.90559,4753.35741,4749.18817,4749.18817,3819.017042149621
2026-04-08 16:18:00,4748.97187,4749.46569,4747.62009,4747.62009,1582.9287956491282
2026-04-08 16:19:00,4747.60447,4748.02462,4747.60447,4748.02462,360.3530198807885
2026-04-08 16:20:00,4747.8104,4749.2705,4747.8104,4749.2705,1252.294286154459
2026-04-08 16:21:00,4749.30838,4750.73451,4749.24012,4750.39021,1196.186649269553
2026-04-08 16:22:00,4750.29694,4750.44669,4750.00727,4750.0829,351.7343781889095
2026-04-08 16:23:00,4749.94366,4750.1425,4749.26275,4749.26275,754.5414000718885
2026-04-08 16:24:00,4749.56588,4753.04328,4749.08781,4751.04737,3392.515909908568
2026-04-08 16:25:00,4750.96268,4751.74566,4750.96268,4751.74566,686.9601456426784
2026-04-08 16:26:00,4751.7902,4752.04888,4751.7225,4752.04888,286.35476300181887
2026-04-08 16:27:00,4752.11253,4752.14197,4750.19841,4751.04089,1555.725429141142
2026-04-08 16:28:00,4750.85483,4751.04523,4750.25587,4750.25587,692.5577416592673
2026-04-08 16:29:00,4750.2598,4750.36241,4749.14203,4749.64008,1002.616671938001
2026-04-08 16:30:00,4749.69438,4749.88126,4749.60785,4749.88126,250.0
2026-04-08 16:31:00,4749.84309,4749.98564,4749.04465,4749.38835,825.5927705029272
2026-04-08 16:32:00,4749.36089,4750.76366,4749.36089,4750.76366,1230.7429097844474
2026-04-08 16:33:00,4749.88795,4754.65815,4749.88795,4754.65815,4000.0
2026-04-08 16:34:00,4754.6856,4756.1481,4754.65957,4755.81188,1222.918266999391
2026-04-08 16:35:00,4755.72338,4756.12508,4755.72338,4756.04186,352.4379811799712
2026-04-08 16:36:00,4756.01142,4756.20545,4756.01142,4756.20545,250.0
2026-04-08 16:37:00,4756.20546,4756.24662,4754.97879,4755.15643,1041.59974367262
2026-04-08 16:38:00,4755.00835,4755.60517,4755.00835,4755.60517,528.2644774400345
2026-04-08 16:39:00,4755.68479,4757.98617,4755.56401,4757.40479,2143.931313757457
2026-04-08 16:40:00,4757.68462,4761.55409,4757.37393,4759.57015,3359.973635666349
2026-04-08 16:41:00,4759.54456,4759.69311,4759.54456,4759.69311,250.0
2026-04-08 16:42:00,4759.67434,4759.69106,4759.39655,4759.39655,260.6802239381728
2026-04-08 16:43:00,4759.55777,4759.55777,4756.89981,4758.16189,2352.6454382516317
2026-04-08 16:44:00,4758.19245,4759.27181,4758.18688,4759.22119,941.244344578482
2026-04-08 16:45:00,4759.29621,4759.31505,4757.00661,4758.02819,2002.7154699368464
2026-04-08 16:46:00,4757.7916,4759.55318,4757.7916,4759.55318,1415.941580494136
2026-04-08 16:47:00,4759.47716,4759.65267,4759.41174,4759.64202,250.0
2026-04-08 16:48:00,4759.49055,4760.90312,4759.49055,4760.90312,1225.4924500389682
2026-04-08 16:49:00,4760.89302,4761.41512,4760.89302,4761.41512,452.9542664537847
2026-04-08 16:50:00,4761.33931,4761.41003,4761.22681,4761.22681,250.0
2026-04-08 16:51:00,4761.13145,4763.31733,4761.13145,4763.31733,2157.9134417942983
2026-04-08 16:52:00,4763.12716,4764.38353,4763.12716,4764.38353,1089.9792218835687
2026-04-08 16:53:00,4764.23038,4764.37512,4763.53082,4763.53082,732.4828331112475
2026-04-08 16:54:00,4763.25106,4763.52655,4761.84874,4761.84874,1455.6046692196874
2026-04-08 16:55:00,4761.88351,4761.92121,4761.45588,4761.59666,403.7027558116243
2026-04-08 16:56:00,4761.59117,4761.67802,4761.51857,4761.53736,250.0
2026-04-08 16:57:00,4761.49932,4761.60424,4760.88109,4761.08053,713.8978834305304
2026-04-08 16:58:00,4760.9877,4761.0676,4760.52989,4760.52989,530.8304375301143
2026-04-08 16:59:00,4760.45363,4760.64046,4760.45363,4760.64046,250.0
